{
  "dates": [
    "1/1/2020",
    "1/2/2020",
    "1/3/2020",
    "1/4/2020",
    "1/5/2020",
    "1/6/2020",
    "1/7/2020",
    "1/8/2020",
    "1/9/2020",
    "1/10/2020",
    "1/11/2020",
    "1/12/2020",
    "1/13/2020",
    "1/14/2020",
    "1/15/2020",
    "1/16/2020",
    "1/17/2020",
    "1/18/2020",
    "1/19/2020",
    "1/20/2020",
    "1/21/2020",
    "1/22/2020",
    "1/23/2020",
    "1/24/2020",
    "1/25/2020",
    "1/26/2020",
    "1/27/2020",
    "1/28/2020",
    "1/29/2020",
    "1/30/2020",
    "1/31/2020",
    "2/1/2020",
    "2/2/2020",
    "2/3/2020",
    "2/4/2020",
    "2/5/2020",
    "2/6/2020",
    "2/7/2020",
    "2/8/2020",
    "2/9/2020",
    "2/10/2020",
    "2/11/2020",
    "2/12/2020",
    "2/13/2020",
    "2/14/2020",
    "2/15/2020",
    "2/16/2020",
    "2/17/2020",
    "2/18/2020",
    "2/19/2020",
    "2/20/2020",
    "2/21/2020",
    "2/22/2020",
    "2/23/2020",
    "2/24/2020",
    "2/25/2020",
    "2/26/2020",
    "2/27/2020",
    "2/28/2020",
    "2/29/2020",
    "3/1/2020",
    "3/2/2020",
    "3/3/2020",
    "3/4/2020",
    "3/5/2020",
    "3/6/2020",
    "3/7/2020",
    "3/8/2020",
    "3/9/2020",
    "3/10/2020",
    "3/11/2020",
    "3/12/2020",
    "3/13/2020",
    "3/14/2020",
    "3/15/2020",
    "3/16/2020",
    "3/17/2020",
    "3/18/2020",
    "3/19/2020",
    "3/20/2020",
    "3/21/2020",
    "3/22/2020",
    "3/23/2020",
    "3/24/2020",
    "3/25/2020",
    "3/26/2020",
    "3/27/2020",
    "3/28/2020",
    "3/29/2020",
    "3/30/2020",
    "3/31/2020",
    "4/1/2020",
    "4/2/2020",
    "4/3/2020",
    "4/4/2020",
    "4/5/2020",
    "4/6/2020",
    "4/7/2020",
    "4/8/2020",
    "4/9/2020",
    "4/10/2020",
    "4/11/2020",
    "4/12/2020",
    "4/13/2020",
    "4/14/2020",
    "4/15/2020",
    "4/16/2020",
    "4/17/2020",
    "4/18/2020",
    "4/19/2020",
    "4/20/2020",
    "4/21/2020",
    "4/22/2020",
    "4/23/2020",
    "4/24/2020",
    "4/25/2020",
    "4/26/2020",
    "4/27/2020"
  ],
  "airQuality": [
    {
      "x": "1/1/2020",
      "y": 9.7
    },
    {
      "x": "1/2/2020",
      "y": 10.1
    },
    {
      "x": "1/3/2020",
      "y": 6.6
    },
    {
      "x": "1/4/2020",
      "y": 16.1
    },
    {
      "x": "1/5/2020",
      "y": 12
    },
    {
      "x": "1/6/2020",
      "y": 7
    },
    {
      "x": "1/7/2020",
      "y": 5.8
    },
    {
      "x": "1/8/2020",
      "y": 11
    },
    {
      "x": "1/9/2020",
      "y": 9.8
    },
    {
      "x": "1/10/2020",
      "y": 9.2
    },
    {
      "x": "1/11/2020",
      "y": 10.8
    },
    {
      "x": "1/12/2020",
      "y": 13.9
    },
    {
      "x": "1/13/2020",
      "y": 15.3
    },
    {
      "x": "1/14/2020",
      "y": 21.5
    },
    {
      "x": "1/15/2020",
      "y": 28
    },
    {
      "x": "1/16/2020",
      "y": 20.5
    },
    {
      "x": "1/17/2020",
      "y": 6.3
    },
    {
      "x": "1/18/2020",
      "y": 5.1
    },
    {
      "x": "1/19/2020",
      "y": 6.3
    },
    {
      "x": "1/20/2020",
      "y": 15.6
    },
    {
      "x": "1/21/2020",
      "y": 11.7
    },
    {
      "x": "1/22/2020",
      "y": 12.1
    },
    {
      "x": "1/23/2020",
      "y": 6.3
    },
    {
      "x": "1/24/2020",
      "y": 10.1
    },
    {
      "x": "1/25/2020",
      "y": 16.8
    },
    {
      "x": "1/26/2020",
      "y": 36.9
    },
    {
      "x": "1/27/2020",
      "y": 20
    },
    {
      "x": "1/28/2020",
      "y": 6.2
    },
    {
      "x": "1/29/2020",
      "y": 6.7
    },
    {
      "x": "1/30/2020",
      "y": 6
    },
    {
      "x": "1/31/2020",
      "y": 4.4
    },
    {
      "x": "2/1/2020",
      "y": 4.6
    },
    {
      "x": "2/2/2020",
      "y": 8.1
    },
    {
      "x": "2/3/2020",
      "y": 6.1
    },
    {
      "x": "2/4/2020",
      "y": 7.2
    },
    {
      "x": "2/5/2020",
      "y": 6.9
    },
    {
      "x": "2/6/2020",
      "y": 13.5
    },
    {
      "x": "2/7/2020",
      "y": 18.7
    },
    {
      "x": "2/8/2020",
      "y": 22.4
    },
    {
      "x": "2/9/2020",
      "y": 11.8
    },
    {
      "x": "2/10/2020",
      "y": 3.9
    },
    {
      "x": "2/11/2020",
      "y": 7
    },
    {
      "x": "2/12/2020",
      "y": 8.2
    },
    {
      "x": "2/13/2020",
      "y": 12.1
    },
    {
      "x": "2/14/2020",
      "y": 14.4
    },
    {
      "x": "2/15/2020",
      "y": 16.4
    },
    {
      "x": "2/16/2020",
      "y": 18.2
    },
    {
      "x": "2/17/2020",
      "y": 20.6
    },
    {
      "x": "2/18/2020",
      "y": 19.7
    },
    {
      "x": "2/19/2020",
      "y": 26
    },
    {
      "x": "2/20/2020",
      "y": 9.6
    },
    {
      "x": "2/21/2020",
      "y": 8.6
    },
    {
      "x": "2/22/2020",
      "y": 8.2
    },
    {
      "x": "2/23/2020",
      "y": 13.1
    },
    {
      "x": "2/24/2020",
      "y": 15.7
    },
    {
      "x": "2/25/2020",
      "y": 6.9
    },
    {
      "x": "2/26/2020",
      "y": 6.4
    },
    {
      "x": "2/27/2020",
      "y": 5
    },
    {
      "x": "2/28/2020",
      "y": 4.8
    },
    {
      "x": "2/29/2020",
      "y": 8.3
    },
    {
      "x": "3/1/2020",
      "y": 11
    },
    {
      "x": "3/2/2020",
      "y": 6
    },
    {
      "x": "3/3/2020",
      "y": 5.9
    },
    {
      "x": "3/4/2020",
      "y": 12.1
    },
    {
      "x": "3/5/2020",
      "y": 15.4
    },
    {
      "x": "3/6/2020",
      "y": 19
    },
    {
      "x": "3/7/2020",
      "y": 8.8
    },
    {
      "x": "3/8/2020",
      "y": 6.5
    },
    {
      "x": "3/9/2020",
      "y": 5.3
    },
    {
      "x": "3/10/2020",
      "y": 5.5
    },
    {
      "x": "3/11/2020",
      "y": 6.1
    },
    {
      "x": "3/12/2020",
      "y": 7.3
    },
    {
      "x": "3/13/2020",
      "y": 7.7
    },
    {
      "x": "3/14/2020",
      "y": 7.1
    },
    {
      "x": "3/15/2020",
      "y": 7.1
    },
    {
      "x": "3/16/2020",
      "y": 8.8
    },
    {
      "x": "3/17/2020",
      "y": 6.1
    },
    {
      "x": "3/18/2020",
      "y": 5.8
    },
    {
      "x": "3/19/2020",
      "y": 6.7
    },
    {
      "x": "3/20/2020",
      "y": 5.1
    },
    {
      "x": "3/21/2020",
      "y": 7.6
    },
    {
      "x": "3/22/2020",
      "y": 5.9
    },
    {
      "x": "3/23/2020",
      "y": 5.2
    },
    {
      "x": "3/24/2020",
      "y": 6.4
    },
    {
      "x": "3/25/2020",
      "y": 5.7
    },
    {
      "x": "3/26/2020",
      "y": 5.9
    },
    {
      "x": "3/27/2020",
      "y": 6.6
    },
    {
      "x": "3/28/2020",
      "y": 7.7
    },
    {
      "x": "3/29/2020",
      "y": 10.1
    },
    {
      "x": "3/30/2020",
      "y": 9.6
    },
    {
      "x": "3/31/2020",
      "y": 11.5
    },
    {
      "x": "4/1/2020",
      "y": 13.2
    },
    {
      "x": "4/2/2020",
      "y": 12
    },
    {
      "x": "4/3/2020",
      "y": 13.2
    },
    {
      "x": "4/4/2020",
      "y": 10.7
    },
    {
      "x": "4/5/2020",
      "y": 7.7
    },
    {
      "x": "4/6/2020",
      "y": 5.4
    },
    {
      "x": "4/7/2020",
      "y": 5.9
    },
    {
      "x": "4/8/2020",
      "y": 6.3
    },
    {
      "x": "4/9/2020",
      "y": 5.3
    },
    {
      "x": "4/10/2020",
      "y": 4.2
    },
    {
      "x": "4/11/2020",
      "y": 8.6
    },
    {
      "x": "4/12/2020",
      "y": 7
    },
    {
      "x": "4/13/2020",
      "y": 7.5
    },
    {
      "x": "4/14/2020",
      "y": 9
    },
    {
      "x": "4/15/2020",
      "y": 7.3
    },
    {
      "x": "4/16/2020",
      "y": 9.6
    },
    {
      "x": "4/17/2020",
      "y": 9
    },
    {
      "x": "4/18/2020",
      "y": 9.1
    },
    {
      "x": "4/19/2020",
      "y": 9.6
    },
    {
      "x": "4/20/2020",
      "y": 9.9
    },
    {
      "x": "4/21/2020",
      "y": 11.6
    },
    {
      "x": "4/22/2020",
      "y": 12.2
    },
    {
      "x": "4/23/2020",
      "y": 11.9
    },
    {
      "x": "4/24/2020",
      "y": 10.9
    },
    {
      "x": "4/25/2020",
      "y": 13.9
    },
    {
      "x": "4/26/2020",
      "y": 13.5
    },
    {
      "x": "4/27/2020",
      "y": 15.7
    }
  ],
  "cases": [
    {
      "x": "1/1/2020",
      "y": 0
    },
    {
      "x": "1/2/2020",
      "y": 0
    },
    {
      "x": "1/3/2020",
      "y": 0
    },
    {
      "x": "1/4/2020",
      "y": 0
    },
    {
      "x": "1/5/2020",
      "y": 0
    },
    {
      "x": "1/6/2020",
      "y": 0
    },
    {
      "x": "1/7/2020",
      "y": 0
    },
    {
      "x": "1/8/2020",
      "y": 0
    },
    {
      "x": "1/9/2020",
      "y": 0
    },
    {
      "x": "1/10/2020",
      "y": 0
    },
    {
      "x": "1/11/2020",
      "y": 0
    },
    {
      "x": "1/12/2020",
      "y": 0
    },
    {
      "x": "1/13/2020",
      "y": 0
    },
    {
      "x": "1/14/2020",
      "y": 0
    },
    {
      "x": "1/15/2020",
      "y": 0
    },
    {
      "x": "1/16/2020",
      "y": 0
    },
    {
      "x": "1/17/2020",
      "y": 0
    },
    {
      "x": "1/18/2020",
      "y": 0
    },
    {
      "x": "1/19/2020",
      "y": 0
    },
    {
      "x": "1/20/2020",
      "y": 0
    },
    {
      "x": "1/21/2020",
      "y": 0
    },
    {
      "x": "1/22/2020",
      "y": 0
    },
    {
      "x": "1/23/2020",
      "y": 0
    },
    {
      "x": "1/24/2020",
      "y": 0
    },
    {
      "x": "1/25/2020",
      "y": 0
    },
    {
      "x": "1/26/2020",
      "y": 1
    },
    {
      "x": "1/27/2020",
      "y": 1
    },
    {
      "x": "1/28/2020",
      "y": 1
    },
    {
      "x": "1/29/2020",
      "y": 1
    },
    {
      "x": "1/30/2020",
      "y": 1
    },
    {
      "x": "1/31/2020",
      "y": 1
    },
    {
      "x": "2/1/2020",
      "y": 1
    },
    {
      "x": "2/2/2020",
      "y": 1
    },
    {
      "x": "2/3/2020",
      "y": 1
    },
    {
      "x": "2/4/2020",
      "y": 1
    },
    {
      "x": "2/5/2020",
      "y": 1
    },
    {
      "x": "2/6/2020",
      "y": 1
    },
    {
      "x": "2/7/2020",
      "y": 1
    },
    {
      "x": "2/8/2020",
      "y": 1
    },
    {
      "x": "2/9/2020",
      "y": 1
    },
    {
      "x": "2/10/2020",
      "y": 1
    },
    {
      "x": "2/11/2020",
      "y": 1
    },
    {
      "x": "2/12/2020",
      "y": 1
    },
    {
      "x": "2/13/2020",
      "y": 1
    },
    {
      "x": "2/14/2020",
      "y": 1
    },
    {
      "x": "2/15/2020",
      "y": 1
    },
    {
      "x": "2/16/2020",
      "y": 1
    },
    {
      "x": "2/17/2020",
      "y": 1
    },
    {
      "x": "2/18/2020",
      "y": 1
    },
    {
      "x": "2/19/2020",
      "y": 1
    },
    {
      "x": "2/20/2020",
      "y": 1
    },
    {
      "x": "2/21/2020",
      "y": 1
    },
    {
      "x": "2/22/2020",
      "y": 1
    },
    {
      "x": "2/23/2020",
      "y": 1
    },
    {
      "x": "2/24/2020",
      "y": 1
    },
    {
      "x": "2/25/2020",
      "y": 1
    },
    {
      "x": "2/26/2020",
      "y": 1
    },
    {
      "x": "2/27/2020",
      "y": 1
    },
    {
      "x": "2/28/2020",
      "y": 1
    },
    {
      "x": "2/29/2020",
      "y": 1
    },
    {
      "x": "3/1/2020",
      "y": 1
    },
    {
      "x": "3/2/2020",
      "y": 1
    },
    {
      "x": "3/3/2020",
      "y": 1
    },
    {
      "x": "3/4/2020",
      "y": 7
    },
    {
      "x": "3/5/2020",
      "y": 11
    },
    {
      "x": "3/6/2020",
      "y": 13
    },
    {
      "x": "3/7/2020",
      "y": 14
    },
    {
      "x": "3/8/2020",
      "y": 14
    },
    {
      "x": "3/9/2020",
      "y": 19
    },
    {
      "x": "3/10/2020",
      "y": 20
    },
    {
      "x": "3/11/2020",
      "y": 29
    },
    {
      "x": "3/12/2020",
      "y": 32
    },
    {
      "x": "3/13/2020",
      "y": 40
    },
    {
      "x": "3/14/2020",
      "y": 54
    },
    {
      "x": "3/15/2020",
      "y": 69
    },
    {
      "x": "3/16/2020",
      "y": 94
    },
    {
      "x": "3/17/2020",
      "y": 147
    },
    {
      "x": "3/18/2020",
      "y": 192
    },
    {
      "x": "3/19/2020",
      "y": 231
    },
    {
      "x": "3/20/2020",
      "y": 295
    },
    {
      "x": "3/21/2020",
      "y": 353
    },
    {
      "x": "3/22/2020",
      "y": 411
    },
    {
      "x": "3/23/2020",
      "y": 543
    },
    {
      "x": "3/24/2020",
      "y": 670
    },
    {
      "x": "3/25/2020",
      "y": 814
    },
    {
      "x": "3/26/2020",
      "y": 1230
    },
    {
      "x": "3/27/2020",
      "y": 1482
    },
    {
      "x": "3/28/2020",
      "y": 1818
    },
    {
      "x": "3/29/2020",
      "y": 2147
    },
    {
      "x": "3/30/2020",
      "y": 2505
    },
    {
      "x": "3/31/2020",
      "y": 3037
    },
    {
      "x": "4/1/2020",
      "y": 3528
    },
    {
      "x": "4/2/2020",
      "y": 4071
    },
    {
      "x": "4/3/2020",
      "y": 4605
    },
    {
      "x": "4/4/2020",
      "y": 5325
    },
    {
      "x": "4/5/2020",
      "y": 5955
    },
    {
      "x": "4/6/2020",
      "y": 6391
    },
    {
      "x": "4/7/2020",
      "y": 6944
    },
    {
      "x": "4/8/2020",
      "y": 7573
    },
    {
      "x": "4/9/2020",
      "y": 7984
    },
    {
      "x": "4/10/2020",
      "y": 8453
    },
    {
      "x": "4/11/2020",
      "y": 8889
    },
    {
      "x": "4/12/2020",
      "y": 9197
    },
    {
      "x": "4/13/2020",
      "y": 9480
    },
    {
      "x": "4/14/2020",
      "y": 10075
    },
    {
      "x": "4/15/2020",
      "y": 10517
    },
    {
      "x": "4/16/2020",
      "y": 10895
    },
    {
      "x": "4/17/2020",
      "y": 11421
    },
    {
      "x": "4/18/2020",
      "y": 12051
    },
    {
      "x": "4/19/2020",
      "y": 12349
    },
    {
      "x": "4/20/2020",
      "y": 13823
    },
    {
      "x": "4/21/2020",
      "y": 15165
    },
    {
      "x": "4/22/2020",
      "y": 16449
    },
    {
      "x": "4/23/2020",
      "y": 17567
    },
    {
      "x": "4/24/2020",
      "y": 18545
    },
    {
      "x": "4/25/2020",
      "y": 19159
    },
    {
      "x": "4/26/2020",
      "y": 19567
    },
    {
      "x": "4/27/2020",
      "y": 20460
    }
  ]
}